run_id,command_tested,tick_delay,command_duration,junction_command_applied,early_command_applied,command_released,success,max_cte,waypoint_deviation
1,LEFT,0,0,True,False,False,True,0.5117893079250604,
2,LEFT,0,1,True,False,True,False,26.3014064720076,
3,LEFT,0,2,True,False,True,False,32.65994024798041,
4,LEFT,0,3,True,False,True,False,32.631973840547374,
5,LEFT,0,4,True,False,True,False,33.224593080319124,
6,LEFT,0,5,True,False,True,False,32.96094507287766,
7,LEFT,0,6,True,False,True,False,33.22652478825573,
8,LEFT,0,7,True,False,True,False,32.58717624566816,
9,LEFT,0,8,True,False,True,False,33.02525035366239,
10,LEFT,0,9,True,False,True,False,33.020856043737034,
11,LEFT,0,10,True,False,True,False,1.5274645483335478,
12,LEFT,0,11,True,False,True,False,1.241206059848656,
13,LEFT,0,12,True,False,True,True,0.3501585744065385,
14,LEFT,0,13,True,False,True,False,1.518540154774576,
15,LEFT,0,14,True,False,True,True,0.394268292649536,
16,LEFT,0,15,True,False,True,True,1.1832051281872247,
17,LEFT,0,16,True,False,True,True,0.5342953695599372,
18,LEFT,0,17,True,False,True,True,1.1144311700815266,
19,LEFT,0,18,True,False,True,False,1.4921959073607058,
20,LEFT,0,19,True,False,True,True,1.1672203837564916,
21,LEFT,0,20,True,False,True,True,1.2474197836390808,
22,LEFT,0,21,True,False,True,True,1.235247515401093,
23,LEFT,0,22,True,False,True,False,1.2569079520231772,
24,LEFT,0,23,True,False,True,True,1.1746477917219458,
25,LEFT,0,24,True,False,True,False,1.2685327971528653,
26,LEFT,0,25,True,False,True,True,0.9398040556817427,
27,LEFT,0,26,True,False,True,True,0.5898762052421654,
28,LEFT,0,27,True,False,True,True,0.5846331391403597,
29,LEFT,0,28,True,False,True,True,0.5940002208296575,
30,LEFT,0,29,True,False,True,True,0.5254007680238107,
31,LEFT,0,30,True,False,True,True,0.5992273350681502,
32,LEFT,1,0,True,False,False,True,0.5994620412347343,
33,LEFT,1,1,True,False,True,False,26.36865499266927,
34,LEFT,1,2,True,False,True,False,33.168762122391385,
35,LEFT,1,3,True,False,True,False,33.200710690365945,
36,LEFT,1,4,True,False,True,False,33.17761749908792,
37,LEFT,1,5,True,False,True,False,32.987807042423235,
38,LEFT,1,6,True,False,True,False,32.66705788053732,
39,LEFT,1,7,True,False,True,False,32.971195187801,
40,LEFT,1,8,True,False,True,False,33.01439780921131,
41,LEFT,1,9,True,False,True,False,1.2693209924584263,
42,LEFT,1,10,True,False,True,True,1.0659535415043875,
43,LEFT,1,11,True,False,True,True,0.7370252782199336,
44,LEFT,1,12,True,False,True,True,1.0961059654853902,
45,LEFT,1,13,True,False,True,False,1.259400228231474,
46,LEFT,1,14,True,False,True,True,0.5549879841111136,
47,LEFT,1,15,True,False,True,True,1.1436805697425203,
48,LEFT,1,16,True,False,True,True,1.1363298697864654,
49,LEFT,1,17,True,False,True,False,1.2665172144666588,
50,LEFT,1,18,True,False,True,True,0.7781145012031503,
51,LEFT,1,19,True,False,True,True,1.125050197219119,
52,LEFT,1,20,True,False,True,True,1.1006442789752746,
53,LEFT,1,21,True,False,True,True,1.0729934900969338,
54,LEFT,1,22,True,False,True,True,1.155039716118338,
55,LEFT,1,23,True,False,True,False,1.260122498244981,
56,LEFT,1,24,True,False,True,True,1.1280313817357916,
57,LEFT,1,25,True,False,True,False,1.3548645241791295,
58,LEFT,1,26,True,False,True,True,0.44761005695097006,
59,LEFT,1,27,True,False,True,True,0.5816384109111471,
60,LEFT,1,28,True,False,True,True,0.5845930114323451,
61,LEFT,1,29,True,False,True,True,0.5886531905209488,
62,LEFT,1,30,True,False,True,True,0.5697286806329545,
63,LEFT,2,0,True,False,False,True,0.5965734840998511,
64,LEFT,2,1,True,False,True,False,26.084116119968787,
65,LEFT,2,2,True,False,True,False,32.96125799724401,
66,LEFT,2,3,True,False,True,False,32.534282329813095,
67,LEFT,2,4,True,False,True,False,32.57308322899407,
68,LEFT,2,5,True,False,True,False,32.62011502297091,
69,LEFT,2,6,True,False,True,False,33.09853124256625,
70,LEFT,2,7,True,False,True,False,1.2968967442719144,
71,LEFT,2,8,True,False,True,True,1.116963617603187,
72,LEFT,2,9,True,False,True,True,1.148722139944076,
73,LEFT,2,10,True,False,True,True,1.1176282103361974,
74,LEFT,2,11,True,False,True,False,1.281381858072805,
75,LEFT,2,12,True,False,True,True,0.762461144406716,
76,LEFT,2,13,True,False,True,True,1.103497872361413,
77,LEFT,2,14,True,False,True,True,1.04648874418845,
78,LEFT,2,15,True,False,True,False,1.5056204717629222,
79,LEFT,2,16,True,False,True,False,1.2254945904588395,
80,LEFT,2,17,True,False,True,True,0.4188043290314685,
81,LEFT,2,18,True,False,True,True,0.5882583848085126,
82,LEFT,2,19,True,False,True,True,1.0598676768209578,
83,LEFT,2,20,True,False,True,True,1.1384803074393859,
84,LEFT,2,21,True,False,True,True,1.0704874889084834,
85,LEFT,2,22,True,False,True,True,1.1506853829979309,
86,LEFT,2,23,True,False,True,False,1.4604459569699626,
87,LEFT,2,24,True,False,True,True,0.4532705290919632,
88,LEFT,2,25,True,False,True,True,0.5944252171571064,
89,LEFT,2,26,True,False,True,True,0.5948556490848838,
90,LEFT,2,27,True,False,True,True,0.6010785952786559,
91,LEFT,2,28,True,False,True,True,0.5648796431937881,
92,LEFT,2,29,True,False,True,True,0.59907555419246,
93,LEFT,2,30,True,False,True,True,0.5616248340253363,
94,LEFT,3,0,True,False,False,True,0.5984783608117484,
95,LEFT,3,1,True,False,True,False,26.146384279331173,
96,LEFT,3,2,True,False,True,False,33.24703723028045,
97,LEFT,3,3,True,False,True,False,32.57907495749566,
98,LEFT,3,4,True,False,True,False,32.5649803549385,
99,LEFT,3,5,True,False,True,False,33.04618061620027,
100,LEFT,3,6,True,False,True,False,33.08744020004859,
101,LEFT,3,7,True,False,True,False,32.663130146581565,
102,LEFT,3,8,True,False,True,True,1.08417739932115,
103,LEFT,3,9,True,False,True,False,1.2660309073589873,
104,LEFT,3,10,True,False,True,False,1.5027207989887992,
105,LEFT,3,11,True,False,True,False,1.5287860422500146,
106,LEFT,3,12,True,False,True,True,0.40617234179969836,
107,LEFT,3,13,True,False,True,True,1.151959800734803,
108,LEFT,3,14,True,False,True,True,1.114045453531457,
109,LEFT,3,15,True,False,True,True,1.13343173004143,
110,LEFT,3,16,True,False,True,True,0.5757053845374341,
111,LEFT,3,17,True,False,True,False,1.2492978383106823,
112,LEFT,3,18,True,False,True,True,0.6438976919024004,
113,LEFT,3,19,True,False,True,False,1.2846941459767809,
114,LEFT,3,20,True,False,True,True,1.038540087295028,
115,LEFT,3,21,True,False,True,True,1.06881582333841,
116,LEFT,3,22,True,False,True,True,0.5707682959800006,
117,LEFT,3,23,True,False,True,True,0.5978456417135966,
118,LEFT,3,24,True,False,True,True,1.081752735771744,
119,LEFT,3,25,True,False,True,True,0.6107962524335536,
120,LEFT,3,26,True,False,True,True,0.6156737059297342,
121,LEFT,3,27,True,False,True,True,0.5565789231177815,
122,LEFT,3,28,True,False,True,True,0.5628411790002796,
123,LEFT,3,29,True,False,True,True,0.5929481146972888,
124,LEFT,3,30,True,False,True,True,0.5479466180838114,
125,LEFT,4,0,True,False,False,True,0.6338478671298248,
126,LEFT,4,1,True,False,True,False,26.32712144099836,
127,LEFT,4,2,True,False,True,False,32.582962436179166,
128,LEFT,4,3,True,False,True,False,32.53842821122967,
129,LEFT,4,4,True,False,True,False,33.04589744554023,
130,LEFT,4,5,True,False,True,False,33.019965331591806,
131,LEFT,4,6,True,False,True,False,32.747414567602505,
132,LEFT,4,7,True,False,True,True,1.0851232543168141,
133,LEFT,4,8,True,False,True,True,1.053284774384374,
134,LEFT,4,9,True,False,True,True,0.5425925639919775,
135,LEFT,4,10,True,False,True,False,1.5005806798714327,
136,LEFT,4,11,True,False,True,True,1.0144233440832295,
137,LEFT,4,12,True,False,True,True,0.5891774886498036,
138,LEFT,4,13,True,False,True,True,0.7783669845101701,
139,LEFT,4,14,True,False,True,True,1.1162811698368553,
140,LEFT,4,15,True,False,True,False,1.2793126426648025,
141,LEFT,4,16,True,False,True,True,0.3553362807487895,
142,LEFT,4,17,True,False,True,False,1.4915744892860294,
143,LEFT,4,18,True,False,True,True,0.7864522502010303,
144,LEFT,4,19,True,False,True,True,1.1580644057124665,
145,LEFT,4,20,True,False,True,True,0.5659288956714488,
146,LEFT,4,21,True,False,True,True,0.5701372992880658,
147,LEFT,4,22,True,False,True,True,0.6025329294452946,
148,LEFT,4,23,True,False,True,True,1.1722985947817985,
149,LEFT,4,24,True,False,True,True,0.5633692934191602,
150,LEFT,4,25,True,False,True,True,0.5642081682920446,
151,LEFT,4,26,True,False,True,True,0.5878760745287006,
152,LEFT,4,27,True,False,True,True,0.5922443127949691,
153,LEFT,4,28,True,False,True,True,0.5599128103335337,
154,LEFT,4,29,True,False,True,True,0.5562133470332961,
155,LEFT,4,30,True,False,True,True,0.5764975715062965,
156,LEFT,5,0,True,False,False,True,0.5579252357251222,
157,LEFT,5,1,True,False,True,False,25.952338227082112,
158,LEFT,5,2,True,False,True,False,32.544084430572596,
159,LEFT,5,3,True,False,True,False,32.88044772082593,
160,LEFT,5,4,True,False,True,False,32.979690203052215,
161,LEFT,5,5,True,False,True,False,32.76214134842505,
162,LEFT,5,6,True,False,True,True,1.0698430286050273,
163,LEFT,5,7,True,False,True,False,1.246551500401921,
164,LEFT,5,8,True,False,True,True,1.0023095435356262,
165,LEFT,5,9,True,False,True,True,0.5953245395554737,
166,LEFT,5,10,True,False,True,False,1.3345744072105994,
167,LEFT,5,11,True,False,True,True,1.0316040650692375,
168,LEFT,5,12,True,False,True,True,1.151146376937525,
169,LEFT,5,13,True,False,True,False,1.3645911019211425,
170,LEFT,5,14,True,False,True,True,0.3420518479949814,
171,LEFT,5,15,True,False,True,True,1.1317613043308399,
172,LEFT,5,16,True,False,True,True,0.571310103418113,
173,LEFT,5,17,True,False,True,False,1.2658421629143415,
174,LEFT,5,18,True,False,True,True,0.9903250971909825,
175,LEFT,5,19,True,False,True,True,0.5759501954577826,
176,LEFT,5,20,True,False,True,True,1.170043257662469,
177,LEFT,5,21,True,False,True,False,1.4692522623105575,
178,LEFT,5,22,True,False,True,True,0.7823347642913925,
179,LEFT,5,23,True,False,True,True,0.5966587225851994,
180,LEFT,5,24,True,False,True,True,0.6087743816484563,
181,LEFT,5,25,True,False,True,True,0.5238004539559873,
182,LEFT,5,26,True,False,True,True,0.5828769499439144,
183,LEFT,5,27,True,False,True,True,0.5974290355085742,
184,LEFT,5,28,True,False,True,True,0.5865716042257736,
185,LEFT,5,29,True,False,True,True,0.5797969013206599,
186,LEFT,5,30,True,False,True,True,0.5747504172453978,
187,LEFT,6,0,True,False,False,True,0.591778291249352,
188,LEFT,6,1,True,False,True,False,26.329801007320466,
189,LEFT,6,2,True,False,True,False,33.01300300736557,
190,LEFT,6,3,True,False,True,False,33.002413117170185,
191,LEFT,6,4,True,False,True,True,0.5038457483831555,
192,LEFT,6,5,True,False,True,True,1.113963244756096,
193,LEFT,6,6,True,False,True,True,0.7090400323320603,
194,LEFT,6,7,True,False,True,True,1.0691061111865028,
195,LEFT,6,8,True,False,True,False,1.2427619230057776,
196,LEFT,6,9,True,False,True,True,0.39544103424006494,
197,LEFT,6,10,True,False,True,True,1.1432689261805082,
198,LEFT,6,11,True,False,True,True,1.0538314188164586,
199,LEFT,6,12,True,False,True,True,1.1362559356649353,
200,LEFT,6,13,True,False,True,True,0.577330316281601,
201,LEFT,6,14,True,False,True,True,0.5886870594753094,
202,LEFT,6,15,True,False,True,True,1.12081363582948,
203,LEFT,6,16,True,False,True,True,1.1337426846612029,
204,LEFT,6,17,True,False,True,True,0.5575137719232794,
205,LEFT,6,18,True,False,True,True,0.5594908979120878,
206,LEFT,6,19,True,False,True,True,0.570482821527095,
207,LEFT,6,20,True,False,True,True,1.1272327510138846,
208,LEFT,6,21,True,False,True,False,1.267227410437585,
209,LEFT,6,22,True,False,True,True,0.7573873565199412,
210,LEFT,6,23,True,False,True,True,0.559207307673608,
211,LEFT,6,24,True,False,True,True,0.5782264822031986,
212,LEFT,6,25,True,False,True,True,0.5948246620385309,
213,LEFT,6,26,True,False,True,True,0.5408231665969355,
214,LEFT,6,27,True,False,True,True,0.5868517168542663,
215,LEFT,6,28,True,False,True,True,0.6000468855728271,
216,LEFT,6,29,True,False,True,True,0.6089086548333021,
217,LEFT,6,30,True,False,False,True,0.5625710662280329,
218,LEFT,7,0,True,False,False,True,0.6207651055928948,
219,LEFT,7,1,True,False,True,False,26.043829713064852,
220,LEFT,7,2,True,False,True,False,32.78044665510634,
221,LEFT,7,3,True,False,True,False,33.12940451254634,
222,LEFT,7,4,True,False,True,False,1.2540226147650366,
223,LEFT,7,5,True,False,True,True,1.1436522426222189,
224,LEFT,7,6,True,False,True,True,0.6605757972431971,
225,LEFT,7,7,True,False,True,True,1.1166295289880308,
226,LEFT,7,8,True,False,True,True,0.6060482022654712,
227,LEFT,7,9,True,False,True,True,0.6025372321040606,
228,LEFT,7,10,True,False,True,True,0.6430751860595461,
229,LEFT,7,11,True,False,True,True,0.6284083208036234,
230,LEFT,7,12,True,False,True,False,1.2466852366841978,
231,LEFT,7,13,True,False,True,True,0.942757925910072,
232,LEFT,7,14,True,False,True,True,0.6896631362446205,
233,LEFT,7,15,True,False,True,False,1.2532491865537254,
234,LEFT,7,16,True,False,True,False,1.2596056703008602,
235,LEFT,7,17,True,False,True,False,1.5345686641501672,
236,LEFT,7,18,True,False,True,False,1.2903745576142909,
237,LEFT,7,19,True,False,True,False,1.4680939491714617,
238,LEFT,7,20,True,False,True,True,0.9448677686999729,
239,LEFT,7,21,True,False,True,True,0.6346042180708347,
240,LEFT,7,22,True,False,True,True,0.581990735057224,
241,LEFT,7,23,True,False,True,True,0.6652720698082358,
242,LEFT,7,24,True,False,True,True,0.6639414795820552,
243,LEFT,7,25,True,False,True,True,0.6933353796347667,
244,LEFT,7,26,True,False,True,True,0.5671955712118479,
245,LEFT,7,27,True,False,True,True,0.5623575861466416,
246,LEFT,7,28,True,False,True,True,0.5964906035392367,
247,LEFT,7,29,True,False,True,True,0.6007270838294754,
248,LEFT,7,30,True,False,False,True,0.6180691285850776,
249,LEFT,8,0,True,False,False,True,0.9398891655700128,
250,LEFT,8,1,True,False,True,False,25.967512591303517,
251,LEFT,8,2,True,False,True,False,33.04246468701237,
252,LEFT,8,3,True,False,True,False,32.76857693733959,
253,LEFT,8,4,True,False,True,True,0.6737448120142175,
254,LEFT,8,5,True,False,True,True,0.6735900289890487,
255,LEFT,8,6,True,False,True,True,1.0719038258069147,
256,LEFT,8,7,True,False,True,True,0.8425808406571716,
257,LEFT,8,8,True,False,True,True,0.8295562980285899,
258,LEFT,8,9,True,False,True,True,0.7328221159527178,
259,LEFT,8,10,True,False,True,True,1.1469043681324909,
260,LEFT,8,11,True,False,True,True,1.113112340558072,
261,LEFT,8,12,True,False,True,True,1.0434689613869914,
262,LEFT,8,13,True,False,True,True,1.1697400054917753,
263,LEFT,8,14,True,False,True,True,1.0843501892507814,
264,LEFT,8,15,True,False,True,True,0.7249012274545762,
265,LEFT,8,16,True,False,True,True,1.019463344504802,
266,LEFT,8,17,True,False,True,True,0.8958998997696632,
267,LEFT,8,18,True,False,True,True,0.9032334380742962,
268,LEFT,8,19,True,False,True,True,0.6809462085690978,
269,LEFT,8,20,True,False,True,True,0.7912683729927651,
270,LEFT,8,21,True,False,True,True,0.6905051627855279,
271,LEFT,8,22,True,False,True,True,0.6856177183882373,
272,LEFT,8,23,True,False,True,True,0.9043095379787573,
273,LEFT,8,24,True,False,True,True,0.7535596638680471,
274,LEFT,8,25,True,False,True,True,0.7174693031685031,
275,LEFT,8,26,True,False,True,True,0.67728319516164,
276,LEFT,8,27,True,False,True,True,0.8972462636510119,
277,LEFT,8,28,True,False,True,True,0.6647179424275248,
278,LEFT,8,29,True,False,False,True,0.738356356530057,
279,LEFT,8,30,True,False,False,True,0.7413472792374765,
280,LEFT,9,0,True,False,False,True,0.9169749668350764,
281,LEFT,9,1,True,False,True,True,1.1115820478514453,
282,LEFT,9,2,True,False,True,True,1.019735753567449,
283,LEFT,9,3,True,False,True,True,1.2402741121174392,
284,LEFT,9,4,True,False,True,True,1.2489970303821767,
285,LEFT,9,5,True,False,True,True,1.268220854659101,
286,LEFT,9,6,True,False,True,True,1.037352858008087,
287,LEFT,9,7,True,False,True,True,1.0370783682692872,
288,LEFT,9,8,True,False,True,True,1.1194888562201382,
289,LEFT,9,9,True,False,True,True,1.131659137404493,
290,LEFT,9,10,True,False,True,True,1.1222681863624677,
291,LEFT,9,11,True,False,True,True,1.201061215674101,
292,LEFT,9,12,True,False,True,True,1.1276020699880573,
293,LEFT,9,13,True,False,True,True,1.241001793701981,
294,LEFT,9,14,True,False,True,True,1.219174260952222,
295,LEFT,9,15,True,False,True,True,1.0397665761487402,
296,LEFT,9,16,True,False,True,True,1.0874665105565506,
297,LEFT,9,17,True,False,True,True,0.9926536810702433,
298,LEFT,9,18,True,False,True,True,1.0929886399624025,
299,LEFT,9,19,True,False,True,True,0.8717414456509918,
300,LEFT,9,20,True,False,True,True,1.0575776444212432,
301,LEFT,9,21,True,False,True,True,1.0882041116754662,
302,LEFT,9,22,True,False,True,True,1.0155848001696928,
303,LEFT,9,23,True,False,True,True,1.0831917529473483,
304,LEFT,9,24,True,False,True,True,0.9610086609424694,
305,LEFT,9,25,True,False,True,True,1.0113893842864567,
306,LEFT,9,26,True,False,True,True,1.1058963762618406,
307,LEFT,9,27,True,False,True,True,1.2165245044509492,
308,LEFT,9,28,True,False,False,True,1.121314464724859,
309,LEFT,9,29,True,False,False,True,1.0181965470460264,
310,LEFT,9,30,True,False,False,True,0.9832489171500445,
311,LEFT,10,0,True,False,False,True,1.409698658197319,
312,LEFT,10,1,True,False,True,False,25.705983151593024,
313,LEFT,10,2,True,False,True,False,32.977747940390394,
314,LEFT,10,3,True,False,True,False,33.22108517330337,
315,LEFT,10,4,True,False,True,False,1.2616773322165251,
316,LEFT,10,5,True,False,True,True,1.110624484711398,
317,LEFT,10,6,True,False,True,True,1.2327703266698917,
318,LEFT,10,7,True,False,True,True,1.2146776478683161,
319,LEFT,10,8,True,False,True,True,1.5653809105414016,
320,LEFT,10,9,True,False,True,True,1.2356469461501718,
321,LEFT,10,10,True,False,True,True,1.12161420785826,
322,LEFT,10,11,True,False,True,True,1.4365946663201434,
323,LEFT,10,12,True,False,True,True,1.5675794065896465,
324,LEFT,10,13,True,False,True,True,1.1607783618367322,
325,LEFT,10,14,True,False,True,True,1.1214957192882908,
326,LEFT,10,15,True,False,True,False,1.7691051421757495,
327,LEFT,10,16,True,False,True,True,0.5916073182890126,
328,LEFT,10,17,True,False,True,True,1.2136155426890358,
329,LEFT,10,18,True,False,True,True,1.2078315223136942,
330,LEFT,10,19,True,False,True,True,1.3763952451265773,
331,LEFT,10,20,True,False,True,True,1.7360820366191407,
332,LEFT,10,21,True,False,True,True,1.0644198206008455,
333,LEFT,10,22,True,False,True,True,1.266063243984416,
334,LEFT,10,23,True,False,True,True,1.6074049308698746,
335,LEFT,10,24,True,False,True,True,1.7470465026186415,
336,LEFT,10,25,True,False,True,True,1.1575623010244034,
337,LEFT,10,26,True,False,True,True,1.2919580822960819,
338,LEFT,10,27,True,False,True,True,1.2180883909825706,
339,LEFT,10,28,True,False,False,True,1.2176756036968452,
340,LEFT,10,29,True,False,False,True,1.2750063777009815,
341,LEFT,10,30,True,False,False,True,1.183651379871318,
342,LEFT,11,0,True,False,False,True,1.8085051681689093,
343,LEFT,11,1,True,False,True,False,26.2454830890823,
344,LEFT,11,2,True,False,True,False,33.1238478599196,
345,LEFT,11,3,True,False,True,True,1.1340934133507015,
346,LEFT,11,4,True,False,True,False,25.91288001421797,
347,LEFT,11,5,True,False,True,False,33.1044769152109,
348,LEFT,11,6,True,False,True,False,33.055887852058504,
349,LEFT,11,7,True,False,True,False,32.68555263928584,
350,LEFT,11,8,True,False,True,True,1.192143239966403,
351,LEFT,11,9,True,False,True,True,1.5701421430733236,
352,LEFT,11,10,True,False,True,True,1.2835129721470244,
353,LEFT,11,11,True,False,True,True,1.2230179200814222,
354,LEFT,11,12,True,False,True,True,1.5438221972989967,
355,LEFT,11,13,True,False,True,False,1.865405039942543,
356,LEFT,11,14,True,False,True,True,1.2131415684319118,
357,LEFT,11,15,True,False,True,False,1.8177598247668203,
358,LEFT,11,16,True,False,True,False,1.315487055630204,
359,LEFT,11,17,True,False,True,True,1.125774063728106,
360,LEFT,11,18,True,False,True,False,1.784823810090987,
361,LEFT,11,19,True,False,True,True,0.9101904203897732,
362,LEFT,11,20,True,False,True,True,1.5034806734701252,
363,LEFT,11,21,True,False,True,True,1.5797173221292296,
364,LEFT,11,22,True,False,True,True,1.5813550678651982,
365,LEFT,11,23,True,False,True,True,1.7633592274712668,
366,LEFT,11,24,True,False,True,True,1.3822880404414992,
367,LEFT,11,25,True,False,True,True,1.550528255298462,
368,LEFT,11,26,True,False,True,True,1.7757334008711148,
369,LEFT,11,27,True,False,False,True,1.2204454714189195,
370,LEFT,11,28,True,False,False,True,1.2838144006344667,
371,LEFT,11,29,True,False,False,True,1.1711715181052191,
372,LEFT,11,30,True,False,False,True,1.1648942194473548,
373,LEFT,12,0,True,False,False,True,1.7998213228325282,
374,LEFT,12,1,True,False,True,False,26.209419684133287,
375,LEFT,12,2,True,False,True,False,33.23961339665046,
376,LEFT,12,3,True,False,True,False,33.24425171013582,
377,LEFT,12,4,True,False,True,False,32.985711676491526,
378,LEFT,12,5,True,False,True,False,33.298122427165055,
379,LEFT,12,6,True,False,True,False,32.88997925458068,
380,LEFT,12,7,True,False,True,False,33.009017013170414,
381,LEFT,12,8,True,False,True,True,1.5047584544448496,
382,LEFT,12,9,True,False,True,True,1.5211374879473354,
383,LEFT,12,10,True,False,True,True,1.319127760299903,
384,LEFT,12,11,True,False,True,False,4.965516859172466,
385,LEFT,12,12,True,False,True,True,1.1202505102742908,
386,LEFT,12,13,True,False,True,False,2.1405982528813423,
387,LEFT,12,14,True,False,True,True,1.20944472665131,
388,LEFT,12,15,True,False,True,True,1.3064243744929473,
389,LEFT,12,16,True,False,True,False,1.822943606887608,
390,LEFT,12,17,True,False,True,True,1.1385033019871806,
391,LEFT,12,18,True,False,True,True,1.3147073371927631,
392,LEFT,12,19,True,False,True,False,2.200073398588535,
393,LEFT,12,20,True,False,True,False,1.9277504791546665,
394,LEFT,12,21,True,False,True,True,1.1134586729691467,
395,LEFT,12,22,True,False,True,True,1.296900445457179,
396,LEFT,12,23,True,False,True,False,2.1922608656149642,
397,LEFT,12,24,True,False,True,False,2.6144649868370573,
398,LEFT,12,25,True,False,True,True,1.140710156960446,
399,LEFT,12,26,True,False,True,True,1.8372801039828857,
400,LEFT,12,27,True,False,False,True,1.6225673983115068,
401,LEFT,12,28,True,False,False,True,1.771178867080561,
402,LEFT,12,29,True,False,False,True,1.8202731575725661,
403,LEFT,12,30,True,False,False,True,1.307834284277879,
404,LEFT,13,0,True,False,False,True,1.4948149286149373,
405,LEFT,13,1,True,False,True,False,26.851544681607937,
406,LEFT,13,2,True,False,True,True,1.185824979452267,
407,LEFT,13,3,True,False,True,False,25.90757779998635,
408,LEFT,13,4,True,False,True,False,32.96968720133127,
409,LEFT,13,5,True,False,True,False,32.89366097746132,
410,LEFT,13,6,True,False,True,True,1.4545834950398229,
411,LEFT,13,7,True,False,True,True,1.4825759260812483,
412,LEFT,13,8,True,False,True,True,1.301034862885213,
413,LEFT,13,9,True,False,True,True,1.652541118505847,
414,LEFT,13,10,True,False,True,False,25.58196525961175,
415,LEFT,13,11,True,False,True,True,1.138925295357049,
416,LEFT,13,12,True,False,True,True,1.2839657696097668,
417,LEFT,13,13,True,False,True,False,1.5201119569351083,
418,LEFT,13,14,True,False,True,False,22.982013604383773,
419,LEFT,13,15,True,False,True,False,1.8193975808354994,
420,LEFT,13,16,True,False,True,False,1.883053530895097,
421,LEFT,13,17,True,False,True,True,1.492307367572931,
422,LEFT,13,18,True,False,True,False,26.205992584422436,
423,LEFT,13,19,True,False,True,False,1.668196032231886,
424,LEFT,13,20,True,False,True,False,2.02329509435732,
425,LEFT,13,21,True,False,True,False,1.9873991350780906,
426,LEFT,13,22,True,False,True,False,1.8944000048748753,
427,LEFT,13,23,True,False,True,True,1.0361470181839154,
428,LEFT,13,24,True,False,True,True,1.3634575945301597,
429,LEFT,13,25,True,False,True,True,1.692584131020824,
430,LEFT,13,26,True,False,False,True,1.455153275239872,
431,LEFT,13,27,True,False,False,True,1.4118884272211873,
432,LEFT,13,28,True,False,False,True,1.708913243958127,
433,LEFT,13,29,True,False,False,True,1.3612502580397015,
434,LEFT,13,30,True,False,False,True,1.8392730531134507,
435,LEFT,14,0,True,False,False,False,25.67344970417655,
436,LEFT,14,1,True,False,True,False,33.251070534206995,
437,LEFT,14,2,True,False,True,False,33.11630031731784,
438,LEFT,14,3,True,False,True,False,33.06279732317353,
439,LEFT,14,4,True,False,True,False,33.21317598125812,
440,LEFT,14,5,True,False,True,False,33.04261430424409,
441,LEFT,14,6,True,False,True,False,32.90402220445823,
442,LEFT,14,7,True,False,True,False,32.839791400189284,
443,LEFT,14,8,True,False,True,False,33.055570081491126,
444,LEFT,14,9,True,False,True,False,33.105562371991056,
445,LEFT,14,10,True,False,True,False,32.78975097362915,
446,LEFT,14,11,True,False,True,False,4.023820004620655,
447,LEFT,14,12,True,False,True,False,1.9087416115177012,
448,LEFT,14,13,True,False,True,False,3.4048393341344743,
449,LEFT,14,14,True,False,True,False,1.8842532431444527,
450,LEFT,14,15,True,False,True,False,1.879794920253091,
451,LEFT,14,16,True,False,True,False,23.30089323658051,
452,LEFT,14,17,True,False,True,False,4.88095786326836,
453,LEFT,14,18,True,False,True,True,1.0452191344809174,
454,LEFT,14,19,True,False,True,False,25.210776486537785,
455,LEFT,14,20,True,False,True,False,2.6489669146499253,
456,LEFT,14,21,True,False,True,False,1.8074500716918018,
457,LEFT,14,22,True,False,True,False,1.840090548684766,
458,LEFT,14,23,True,False,True,False,1.9860138348405416,
459,LEFT,14,24,True,False,True,True,1.7884500973785231,
460,LEFT,14,25,True,False,True,False,25.610679953891854,
461,LEFT,14,26,True,False,True,False,3.1517343340233617,
462,LEFT,14,27,True,False,True,False,2.7735657136968745,
463,LEFT,14,28,True,False,False,False,1.9377743545197241,
464,LEFT,14,29,True,False,False,True,1.1144472748310295,
465,LEFT,14,30,True,False,True,False,25.265952637613406,
466,LEFT,15,0,True,False,False,False,17.441030891983022,
467,LEFT,15,1,True,False,True,False,26.50298465801603,
468,LEFT,15,2,True,False,True,False,33.150439955581305,
469,LEFT,15,3,True,False,True,False,33.06599001495862,
470,LEFT,15,4,True,False,True,False,32.862437291690924,
471,LEFT,15,5,True,False,True,False,33.07663204068636,
472,LEFT,15,6,True,False,True,False,33.14808050247236,
473,LEFT,15,7,True,False,True,False,32.70685727085309,
474,LEFT,15,8,True,False,True,False,33.07243491240289,
475,LEFT,15,9,True,False,True,False,33.12242645046677,
476,LEFT,15,10,True,False,True,False,33.21268629270468,
477,LEFT,15,11,True,False,True,False,33.15071646066443,
478,LEFT,15,12,True,False,True,False,33.115421857281575,
479,LEFT,15,13,True,False,True,False,33.15011344268728,
480,LEFT,15,14,True,False,True,False,1.842678256260039,
481,LEFT,15,15,True,False,True,False,1.748644446988974,
482,LEFT,15,16,True,False,True,False,3.1180379230281217,
483,LEFT,15,17,True,False,True,False,3.8559020904010803,
484,LEFT,15,18,True,False,True,True,0.8979463981781389,
485,LEFT,15,19,True,False,True,True,1.2231848233550184,
486,LEFT,15,20,True,False,True,False,25.76583944635577,
487,LEFT,15,21,True,False,True,False,33.001690276766915,
488,LEFT,15,22,True,False,True,False,33.00888429614228,
489,LEFT,15,23,True,False,True,False,33.10842400312101,
490,LEFT,15,24,True,False,True,False,33.149895406691044,
491,LEFT,15,25,True,False,True,False,33.010027384584646,
492,LEFT,15,26,True,False,True,False,33.02924038225841,
493,LEFT,15,27,True,False,True,False,32.13310402454943,
494,LEFT,15,28,True,False,False,True,1.2428086546661412,
495,LEFT,15,29,True,False,True,False,26.400090562171762,
496,LEFT,15,30,True,False,True,False,33.145896466743146,
